Algorithm,Iterations,Avg KeyGen,Avg Encap,Avg Decap,Min KeyGen,Max KeyGen,Public Key,Ciphertext,Shared Secret
ML-KEM-512,100,0.10677400023269001,0.11049500018998515,0.13849500013748184,0.08859999798005447,1.3810000018565916,800,768,32
ML-KEM-768,100,0.1562600001489045,0.1724350000586128,0.208325000203331,0.13999999646330252,0.4374999989522621,1184,1088,32
ML-KEM-1024,100,0.22609400031797122,0.24238099962531123,0.28908799977216404,0.20400000357767567,0.5190999945625663,1568,1568,32
Kyber512,100,0.08820499897410627,0.10641299966664519,0.11499199936224613,0.0788000033935532,0.3891000014846213,800,768,32
Kyber768,100,0.142580999963684,0.1726379999308847,0.1791600003343774,0.12740000238409266,0.349000001733657,1184,1088,32
Kyber1024,100,0.21722600002249237,0.2575499997328734,0.26755800026876386,0.19559999782359228,0.41000000055646524,1568,1568,32
sntrup761,100,17.802327999525005,0.6292489996849326,1.897149999931571,16.72819999657804,23.63359999435488,1158,1039,32
FrodoKEM-640-SHAKE,100,11.696907999867108,9.298410000264994,9.310775999983889,11.13949999853503,12.709800001175608,9616,9720,16
FrodoKEM-976-SHAKE,100,26.658312000145088,21.069487000713707,20.829547000103048,25.425200001336634,28.926400002092123,15632,15744,24
